datetime,city,temperature,humidity,pressure,wind_speed,weather
2025-06-06 12:25:02,Mumbai,29.74,69,1010,3.39,clear sky
2025-06-06 12:26:29,Mumbai,29.74,69,1010,3.39,clear sky
2025-06-06 12:36:29,Mumbai,29.74,69,1010,3.39,clear sky
2025-06-06 12:46:29,Mumbai,29.74,69,1010,3.39,clear sky
2025-06-06 12:56:30,Mumbai,29.74,69,1010,3.39,clear sky
2025-06-06 13:02:19,Mumbai,29.74,69,1010,3.39,clear sky
2025-06-06 13:03:03,Mumbai,29.74,69,1010,3.39,clear sky
2025-06-06 13:03:08,Mumbai,29.74,69,1010,3.39,clear sky
2025-06-06 13:12:19,Mumbai,29.96,68,1009,4.22,clear sky
2025-06-06 13:48:19,Mumbai,29.96,68,1009,4.22,clear sky
2025-06-06 13:58:19,Mumbai,29.96,68,1009,4.22,clear sky
2025-06-06 14:08:19,Mumbai,29.96,68,1009,4.22,clear sky
2025-06-06 14:18:20,Mumbai,30.26,67,1009,4.1,few clouds
2025-06-06 14:28:20,Mumbai,30.26,67,1009,4.1,few clouds
2025-06-06 14:38:20,Mumbai,30.26,67,1009,4.1,few clouds
2025-06-06 14:48:21,Mumbai,30.26,67,1009,4.1,few clouds
2025-06-06 14:58:21,Mumbai,30.26,67,1009,4.1,few clouds
2025-06-06 15:08:22,Mumbai,30.26,67,1009,4.1,few clouds
2025-06-06 15:18:22,Mumbai,30.39,67,1009,4.48,clear sky
2025-06-06 15:28:22,Mumbai,30.39,67,1009,4.48,clear sky
2025-06-06 15:38:23,Mumbai,30.39,67,1009,4.48,clear sky
2025-06-06 15:48:23,Mumbai,30.39,67,1009,4.48,clear sky
2025-06-06 15:58:24,Mumbai,30.39,67,1009,4.48,clear sky
2025-06-06 16:08:24,Mumbai,30.39,67,1009,4.48,clear sky
2025-06-06 16:18:24,Mumbai,30.39,69,1008,4.77,clear sky
2025-06-06 16:28:25,Mumbai,30.39,69,1008,4.77,clear sky
2025-06-06 16:38:25,Mumbai,30.39,69,1008,4.77,clear sky
2025-06-06 16:55:32,Mumbai,30.39,69,1008,4.77,light rain
2025-06-06 16:55:40,Mumbai,30.39,69,1008,4.77,light rain
2025-06-06 16:59:47,Mumbai,30.39,69,1008,4.77,light rain
2025-06-06 16:59:57,Mumbai,30.39,69,1008,4.77,light rain
2025-06-06 17:00:58,Mumbai,30.39,69,1008,4.77,light rain
2025-06-06 17:01:58,Mumbai,30.39,69,1008,4.77,moderate rain
2025-06-06 17:02:58,Mumbai,30.39,69,1008,4.77,moderate rain
2025-06-06 17:03:58,Mumbai,30.39,69,1008,4.77,moderate rain
2025-06-06 17:04:58,Mumbai,30.39,69,1008,4.77,moderate rain
2025-06-06 17:05:58,Mumbai,30.36,71,1008,4.43,moderate rain
2025-06-06 17:07:09,Mumbai,30.39,69,1008,4.77,moderate rain
2025-06-06 21:36:10,Mumbai,28.77,75,1010,2.34,few clouds
2025-06-06 21:36:19,Mumbai,28.77,75,1010,2.34,few clouds
2025-06-06 21:47:19,Mumbai,28.77,75,1010,2.34,few clouds
2025-06-06 21:57:19,Mumbai,28.77,75,1010,2.34,few clouds
2025-06-06 22:07:20,Mumbai,29.01,76,1010,3.73,scattered clouds
2025-06-06 22:17:21,Mumbai,29.01,76,1010,3.73,scattered clouds
2025-06-06 22:27:22,Mumbai,29.01,76,1010,3.73,scattered clouds
2025-06-06 22:37:23,Mumbai,29.01,76,1010,3.73,scattered clouds
2025-06-06 22:47:23,Mumbai,29.01,76,1010,3.73,scattered clouds
2025-06-06 22:57:23,Mumbai,29.01,76,1010,3.73,scattered clouds
2025-06-06 23:07:24,Mumbai,29.01,76,1010,3.73,scattered clouds
2025-06-06 23:17:24,Mumbai,28.99,78,1010,3.08,scattered clouds
2025-06-06 23:27:24,Mumbai,28.99,78,1010,3.08,scattered clouds
2025-06-06 23:37:25,Mumbai,28.99,78,1010,3.08,scattered clouds
2025-06-06 23:47:25,Mumbai,28.99,78,1010,3.08,scattered clouds
2025-06-06 23:57:26,Mumbai,28.99,78,1010,3.08,scattered clouds
2025-06-07 00:07:26,Mumbai,28.89,78,1010,2.52,broken clouds
2025-06-07 00:17:26,Mumbai,28.89,78,1010,2.52,broken clouds
2025-06-07 00:27:28,Mumbai,29.02,79,1010,2.52,broken clouds
2025-06-07 00:37:31,Mumbai,29.02,79,1010,2.52,broken clouds
2025-06-07 00:47:35,Mumbai,29.02,79,1010,2.52,broken clouds
2025-06-07 00:57:38,Mumbai,29.02,79,1010,2.52,broken clouds
2025-06-07 01:07:42,Mumbai,29.01,78,1009,2.37,scattered clouds
2025-06-07 01:17:42,Mumbai,29.01,78,1009,2.37,scattered clouds
2025-06-07 01:27:42,Mumbai,29.01,78,1009,2.37,scattered clouds
2025-06-07 01:37:43,Mumbai,29.01,78,1009,2.37,scattered clouds
2025-06-07 01:47:43,Mumbai,29.01,78,1009,2.37,scattered clouds
2025-06-07 01:57:43,Mumbai,29.01,78,1009,2.37,scattered clouds
2025-06-07 02:07:43,Mumbai,28.9,77,1009,2.32,broken clouds
2025-06-07 02:17:44,Mumbai,28.9,77,1009,2.32,broken clouds
2025-06-07 02:27:44,Mumbai,28.9,77,1009,2.32,broken clouds
2025-06-07 02:37:44,Mumbai,28.9,77,1009,2.32,broken clouds
2025-06-07 02:47:45,Mumbai,28.9,77,1009,2.32,broken clouds
2025-06-07 02:57:45,Mumbai,28.9,77,1009,2.32,broken clouds
2025-06-07 03:07:45,Mumbai,28.9,77,1009,2.32,broken clouds
2025-06-07 03:17:45,Mumbai,28.76,77,1008,3.14,broken clouds
2025-06-07 03:27:46,Mumbai,28.76,77,1008,3.14,broken clouds
2025-06-07 03:37:46,Mumbai,28.76,77,1008,3.14,broken clouds
2025-06-07 03:47:46,Mumbai,28.76,77,1008,3.14,broken clouds
2025-06-07 03:57:47,Mumbai,28.76,77,1008,3.14,broken clouds
2025-06-07 04:07:47,Mumbai,28.76,77,1008,3.14,broken clouds
2025-06-07 04:17:47,Mumbai,28.75,77,1008,3.42,scattered clouds
2025-06-07 04:27:48,Mumbai,28.75,77,1008,3.42,scattered clouds
2025-06-07 04:37:48,Mumbai,28.75,77,1008,3.42,scattered clouds
2025-06-07 04:47:48,Mumbai,28.75,77,1008,3.42,scattered clouds
2025-06-07 04:57:49,Mumbai,28.75,77,1008,3.42,scattered clouds
2025-06-07 05:07:49,Mumbai,28.75,77,1008,3.42,scattered clouds
2025-06-07 05:17:50,Mumbai,28.75,77,1009,3.19,scattered clouds
2025-06-07 05:27:50,Mumbai,28.75,77,1009,4.22,scattered clouds
2025-06-07 05:37:50,Mumbai,28.75,77,1009,4.22,scattered clouds
2025-06-08 22:33:20,Mumbai,29.19,78,1010,4.85,overcast clouds
2025-06-08 22:43:21,Mumbai,29.19,78,1010,4.85,overcast clouds
2025-06-08 23:00:37,Mumbai,29.19,78,1010,4.85,overcast clouds
2025-06-08 23:10:38,Mumbai,29.19,78,1010,4.85,overcast clouds
2025-06-09 10:50:35,Mumbai,29.6,74,1010,5.39,overcast clouds
2025-06-09 11:00:36,Mumbai,29.6,74,1010,5.39,overcast clouds
2025-06-09 11:10:36,Mumbai,29.63,74,1009,5.46,overcast clouds
2025-06-09 11:20:36,Mumbai,29.63,74,1009,5.46,overcast clouds
2025-06-09 11:30:37,Mumbai,29.63,74,1009,5.61,broken clouds
2025-06-09 13:00:35,Mumbai,29.67,73,1009,5.78,overcast clouds
2025-06-09 13:10:36,Mumbai,29.87,73,1008,6.28,broken clouds
2025-06-10 11:00:56,Mumbai,29.57,72,1008,3.78,few clouds
2025-06-10 11:10:57,Mumbai,29.74,71,1007,4.09,scattered clouds
2025-06-10 11:20:40,Mumbai,29.74,71,1007,4.09,scattered clouds
2025-06-10 11:30:40,Mumbai,29.74,71,1007,4.09,scattered clouds
2025-06-10 11:40:40,Mumbai,29.74,71,1007,3.71,scattered clouds
2025-06-10 11:50:46,Mumbai,29.74,71,1007,3.71,scattered clouds
2025-06-10 12:00:46,Mumbai,29.74,71,1007,3.71,scattered clouds
2025-06-10 12:10:46,Mumbai,29.93,72,1007,4.32,scattered clouds
2025-06-17 12:00:40,Mumbai,28.94,80,1004,10.0,overcast clouds
2025-06-17 12:10:41,Mumbai,28.94,80,1004,10.0,overcast clouds
2025-06-17 14:05:42,Mumbai,29.08,79,1003,10.55,broken clouds
2025-06-17 14:10:35,Mumbai,29.14,79,1002,10.19,overcast clouds
2025-06-17 14:20:36,Mumbai,29.14,79,1002,10.19,overcast clouds
2025-06-17 14:50:36,Mumbai,29.14,79,1002,10.19,overcast clouds
2025-06-17 15:00:36,Mumbai,29.14,79,1002,10.19,overcast clouds
2025-06-17 15:10:37,Mumbai,29.05,79,1002,10.31,broken clouds
2025-06-17 15:20:37,Mumbai,29.05,79,1002,10.31,broken clouds
2025-06-17 15:30:37,Mumbai,29.05,79,1002,10.31,broken clouds
2025-06-17 15:40:38,Mumbai,29.05,79,1002,10.31,broken clouds
2025-06-17 15:50:38,Mumbai,29.05,79,1002,10.31,broken clouds
2025-06-17 16:00:38,Mumbai,29.05,79,1002,10.31,broken clouds
2025-06-17 16:10:38,Mumbai,29.06,79,1002,10.26,broken clouds
2025-06-17 16:20:39,Mumbai,29.06,79,1002,10.26,broken clouds
2025-06-17 16:30:39,Mumbai,29.06,79,1002,10.26,broken clouds
2025-06-17 16:40:39,Mumbai,29.06,79,1002,10.26,broken clouds
2025-06-19 15:00:37,Mumbai,27.74,84,1004,9.14,light rain
2025-06-19 15:10:43,Mumbai,27.7,84,1003,8.75,light rain
2025-06-19 15:20:46,Mumbai,27.7,84,1003,8.75,light rain
2025-06-19 15:30:52,Mumbai,27.7,84,1003,8.75,light rain
2025-06-19 15:40:54,Mumbai,27.7,84,1003,8.75,light rain
2025-06-19 17:00:35,Mumbai,27.87,84,1003,8.72,overcast clouds
2025-06-24 14:41:38,Mumbai,27.44,85,1001,9.64,overcast clouds
2025-06-24 14:50:36,Mumbai,27.44,85,1001,9.64,overcast clouds
2025-06-24 15:00:36,Mumbai,27.44,85,1001,9.64,overcast clouds
2025-06-24 15:20:36,Mumbai,27.57,85,1001,9.63,overcast clouds
2025-06-24 15:30:36,Mumbai,27.57,85,1001,9.63,overcast clouds
2025-06-24 15:40:36,Mumbai,27.57,85,1001,9.63,overcast clouds
2025-06-24 15:50:37,Mumbai,27.57,85,1001,9.63,overcast clouds
2025-06-24 16:00:37,Mumbai,27.57,85,1001,9.63,overcast clouds
2025-06-24 16:10:38,Mumbai,27.8,85,1001,8.97,overcast clouds
2025-06-24 16:20:38,Mumbai,27.8,85,1001,8.97,overcast clouds
2025-06-24 16:30:38,Mumbai,27.8,85,1001,8.97,overcast clouds
2025-06-24 16:40:39,Mumbai,27.8,85,1001,8.97,overcast clouds
2025-06-24 16:50:39,Mumbai,27.8,85,1001,8.97,overcast clouds
2025-06-27 22:00:56,Mumbai,27.68,82,1005,9.08,broken clouds
2025-07-06 13:26:43,Mumbai,27.55,84,1003,9.82,light rain
2025-07-06 13:37:37,Mumbai,27.55,84,1003,9.82,overcast clouds
2025-07-06 13:47:38,Mumbai,27.55,84,1003,9.82,overcast clouds
2025-07-17 16:24:09,Mumbai,28.7,75,1004,3.83,overcast clouds
2025-07-17 16:30:39,Mumbai,28.7,75,1004,3.83,overcast clouds
2025-07-26 19:00:41,Mumbai,27.24,84,1002,9.75,overcast clouds
2025-07-28 19:04:18,Mumbai,27.6,82,1004,10.29,overcast clouds
2025-07-28 19:11:27,Mumbai,27.49,82,1005,10.06,overcast clouds
2025-07-28 19:21:27,Mumbai,27.49,82,1005,10.06,overcast clouds
2025-07-28 19:23:19,Mumbai,27.49,82,1005,10.06,overcast clouds
2025-08-04 21:06:13,Mumbai,27.66,80,1009,2.99,overcast clouds
2025-08-04 21:10:37,Mumbai,27.66,80,1009,2.99,overcast clouds
2025-08-07 22:50:39,Mumbai,27.73,82,1008,2.57,overcast clouds
2025-08-07 23:00:39,Mumbai,27.73,82,1008,2.57,overcast clouds
2025-08-07 23:10:40,Mumbai,27.65,82,1008,2.66,overcast clouds
2025-08-07 23:20:41,Mumbai,27.65,82,1008,2.36,overcast clouds
2025-08-16 23:05:02,Mumbai,26.03,88,1004,5.71,overcast clouds
2025-08-16 23:10:36,Mumbai,26.03,88,1003,6.17,overcast clouds
2025-09-11 16:40:45,Mumbai,29.99,70,1008,6.17,haze
2025-09-11 22:36:00,Mumbai,27.99,74,1011,2.57,haze
2025-09-11 22:46:01,Mumbai,27.99,74,1011,2.57,haze
2025-09-11 22:56:02,Mumbai,27.99,74,1011,2.57,haze
2025-09-11 23:04:34,Mumbai,27.99,74,1011,2.57,haze
2025-09-11 23:14:35,Mumbai,27.99,74,1010,2.57,haze
2025-09-11 23:24:35,Mumbai,27.99,74,1010,2.06,haze
2025-09-12 00:03:20,Mumbai,27.99,74,1010,2.57,haze
2025-09-13 12:40:36,Mumbai,27.99,83,1010,4.63,mist
2025-09-13 12:48:16,Mumbai,27.99,83,1010,4.63,mist
2025-09-13 12:58:17,Mumbai,27.99,83,1010,4.63,mist
2025-09-13 13:08:17,Mumbai,27.99,83,1010,4.63,mist
2025-09-13 14:08:16,Mumbai,26.99,89,1009,5.66,broken clouds
2025-09-13 14:18:17,Mumbai,26.99,89,1008,5.66,broken clouds
2025-09-13 14:28:17,Mumbai,27.99,83,1008,4.63,mist
2025-09-15 11:20:40,Mumbai,25.99,94,1009,3.6,overcast clouds
2025-09-15 11:30:44,Mumbai,24.99,100,1009,6.17,overcast clouds
2025-09-15 11:40:46,Mumbai,24.99,100,1009,6.17,overcast clouds
2025-09-15 11:50:40,Mumbai,24.99,100,1009,6.17,overcast clouds
2025-09-15 12:00:40,Mumbai,25.99,94,1009,6.17,overcast clouds
2025-09-15 12:10:41,Mumbai,24.99,94,1009,4.63,overcast clouds
2025-09-15 12:20:41,Mumbai,24.99,94,1009,4.63,light rain
2025-09-15 12:30:42,Mumbai,24.99,94,1009,4.63,light rain
2025-09-15 12:40:44,Mumbai,24.99,94,1009,4.63,light rain
2025-09-15 12:50:44,Mumbai,24.99,94,1009,5.14,moderate rain
2025-09-15 23:00:39,Mumbai,25.99,89,1009,1.54,mist
2025-09-15 23:10:40,Mumbai,25.99,89,1009,1.54,mist
2025-09-15 23:20:40,Mumbai,25.99,89,1009,0.0,mist
2025-09-15 23:30:41,Mumbai,25.99,89,1009,0.0,mist
2025-09-15 23:40:41,Mumbai,25.99,89,1009,0.0,mist
2025-09-15 23:50:41,Mumbai,25.99,89,1009,0.0,mist
2025-09-16 00:00:41,Mumbai,25.99,89,1009,0.0,light rain
2025-09-16 00:10:42,Mumbai,25.99,89,1008,0.0,mist
2025-09-16 00:20:42,Mumbai,24.99,94,1008,2.57,mist
2025-09-16 00:30:43,Mumbai,24.99,94,1008,2.57,mist
2025-09-16 00:40:43,Mumbai,24.99,94,1008,3.09,mist
2025-09-16 00:50:44,Mumbai,24.99,94,1008,3.09,mist
2025-09-16 01:00:44,Mumbai,24.99,94,1008,3.09,mist
2025-09-16 01:10:45,Mumbai,24.99,94,1007,3.09,mist
2025-09-16 16:50:43,Mumbai,24.99,94,1006,2.06,mist
2025-09-16 17:00:44,Mumbai,25.99,89,1006,2.06,overcast clouds
2025-09-16 17:10:44,Mumbai,25.99,89,1006,2.06,overcast clouds
2025-09-16 17:20:44,Mumbai,25.99,89,1006,0.0,mist
2025-09-17 15:40:37,Mumbai,28.99,74,1006,4.63,mist
2025-09-17 15:42:19,Mumbai,28.99,74,1006,4.63,mist
2025-09-17 16:03:49,Mumbai,28.99,79,1006,5.14,mist
2025-09-17 16:14:24,Mumbai,28.99,79,1006,5.14,mist
2025-09-17 16:24:25,Mumbai,28.99,79,1006,4.63,mist
2025-09-17 16:34:26,Mumbai,28.99,79,1006,4.63,mist
2025-09-17 16:44:27,Mumbai,28.99,79,1006,4.63,mist
2025-09-17 17:00:40,Mumbai,28.99,74,1006,5.14,mist
2025-09-17 17:10:35,Mumbai,28.99,74,1007,5.14,mist
2025-09-17 17:20:36,Mumbai,28.99,74,1007,5.14,mist
2025-09-17 17:30:39,Mumbai,28.99,79,1007,4.63,mist
2025-09-18 11:25:02,Mumbai,28.99,74,1009,1.54,mist
2025-09-18 11:35:02,Mumbai,28.99,74,1009,1.54,mist
2025-09-18 11:45:03,Mumbai,28.99,74,1009,2.57,mist
2025-09-18 11:55:03,Mumbai,28.99,74,1009,2.57,mist
2025-09-18 12:05:03,Mumbai,28.99,74,1009,2.57,mist
2025-09-18 12:15:06,Mumbai,28.99,74,1008,3.6,haze
2025-09-20 11:00:36,Mumbai,27.99,89,1011,3.09,mist
2025-09-20 11:10:35,Mumbai,27.99,89,1010,3.09,mist
2025-09-20 11:20:36,Mumbai,27.99,89,1010,3.09,mist
2025-09-20 11:30:36,Mumbai,28.99,79,1010,4.12,mist
2025-09-20 11:40:37,Mumbai,28.99,79,1010,4.12,mist
2025-09-20 11:50:37,Mumbai,29.99,74,1010,4.63,mist
2025-09-20 12:00:37,Mumbai,29.99,74,1010,4.63,mist
2025-09-20 12:20:46,Mumbai,29.99,74,1009,4.63,mist
2025-09-27 11:35:09,Mumbai,27.11,80,1009,3.03,overcast clouds
2025-09-27 11:45:09,Mumbai,27.11,80,1009,3.03,overcast clouds
2025-09-27 11:55:44,Mumbai,27.11,80,1009,3.03,overcast clouds
2025-09-27 12:05:45,Mumbai,27.58,78,1008,4.15,overcast clouds
2025-09-27 12:15:46,Mumbai,27.58,78,1008,4.15,overcast clouds
2025-10-05 16:37:38,Mumbai,27.74,72,1010,4.29,few clouds
2025-10-05 16:47:58,Mumbai,27.74,72,1010,4.29,few clouds
2025-10-05 16:58:20,Mumbai,27.74,72,1010,4.29,few clouds
2025-10-05 17:08:31,Mumbai,27.74,72,1010,4.29,few clouds
2025-10-05 17:18:40,Mumbai,27.61,75,1010,3.6,few clouds
2025-10-05 17:28:45,Mumbai,27.61,75,1010,3.6,few clouds
2025-10-05 17:38:51,Mumbai,27.61,75,1010,3.6,few clouds
2025-10-05 17:49:01,Mumbai,27.61,75,1010,3.6,few clouds
2025-10-05 21:10:49,Mumbai,27.0,78,1013,3.74,clear sky
2025-10-05 21:14:39,Mumbai,27.0,78,1013,3.74,clear sky
2025-10-05 21:24:41,Mumbai,27.0,78,1013,3.74,clear sky
2025-10-05 21:34:42,Mumbai,27.0,78,1013,3.74,clear sky
2025-10-06 07:20:36,Mumbai,25.39,84,1013,4.26,clear sky
2025-10-06 07:30:36,Mumbai,25.39,84,1013,4.26,clear sky
2025-10-06 07:40:37,Mumbai,25.39,84,1013,4.26,clear sky
2025-10-06 07:50:38,Mumbai,25.39,84,1013,4.26,clear sky
2025-10-06 08:00:38,Mumbai,25.39,84,1013,4.26,clear sky
2025-10-06 08:10:38,Mumbai,25.66,83,1014,4.35,clear sky
2025-10-06 08:20:38,Mumbai,25.66,83,1014,4.35,clear sky
2025-10-06 08:30:39,Mumbai,25.66,83,1014,4.35,clear sky
2025-10-06 08:40:39,Mumbai,25.66,83,1014,4.35,clear sky
2025-10-06 16:08:28,Mumbai,27.57,74,1010,4.73,clear sky
2025-10-06 16:18:51,Mumbai,27.58,74,1011,4.61,clear sky
2025-10-06 16:29:09,Mumbai,27.58,74,1011,4.61,clear sky
2025-10-06 16:41:07,Mumbai,27.58,74,1011,4.61,clear sky
2025-10-06 16:51:39,Mumbai,27.58,74,1011,4.61,clear sky
2025-10-06 17:02:14,Mumbai,27.58,74,1011,4.61,clear sky
2025-10-06 17:12:17,Mumbai,27.54,77,1011,4.25,clear sky
2025-10-06 17:28:00,Mumbai,27.54,77,1011,4.25,clear sky
2025-10-11 18:30:43,Mumbai,28.55,69,1009,4.59,clear sky
2025-10-11 18:40:44,Mumbai,28.55,69,1009,4.59,clear sky
2025-10-11 18:50:44,Mumbai,28.55,69,1009,4.59,clear sky
2025-10-11 19:00:44,Mumbai,28.55,69,1009,4.59,clear sky
2025-10-11 19:10:44,Mumbai,28.59,68,1010,4.92,clear sky
2025-10-11 19:20:45,Mumbai,28.59,68,1010,4.92,clear sky
2025-10-11 19:30:45,Mumbai,28.59,68,1010,4.92,clear sky
2025-10-11 19:40:45,Mumbai,28.59,68,1010,4.92,clear sky
2025-10-11 19:50:46,Mumbai,28.59,68,1010,4.92,clear sky
2025-10-11 20:00:46,Mumbai,28.59,68,1010,4.92,clear sky
2025-10-11 20:10:47,Mumbai,28.71,69,1011,4.36,clear sky
2025-10-11 20:20:48,Mumbai,28.71,69,1011,4.36,clear sky
2025-10-11 20:30:49,Mumbai,28.71,69,1011,4.36,clear sky
2025-10-12 22:22:34,Mumbai,28.19,72,1011,4.21,clear sky
2025-10-12 22:32:34,Mumbai,28.19,72,1011,4.21,clear sky
2025-10-12 22:42:35,Mumbai,28.19,72,1011,4.21,clear sky
2025-10-12 22:52:35,Mumbai,28.19,72,1011,4.21,clear sky
2025-10-13 08:30:36,Mumbai,26.76,63,1012,3.78,broken clouds
2025-10-13 08:36:50,Mumbai,26.76,63,1012,3.78,broken clouds
2025-10-13 08:38:27,Mumbai,26.76,63,1012,3.78,broken clouds
2025-10-13 11:30:38,Mumbai,28.76,55,1011,1.93,scattered clouds
2025-10-13 11:40:41,Mumbai,28.76,55,1011,1.93,scattered clouds
2025-10-13 11:51:03,Mumbai,28.76,55,1011,1.93,scattered clouds
2025-10-13 12:01:03,Mumbai,28.76,55,1011,1.93,scattered clouds
2025-10-14 16:37:25,Mumbai,32.99,49,1006,4.63,smoke
2025-10-14 16:47:25,Mumbai,32.99,49,1006,4.63,smoke
2025-10-14 16:57:26,Mumbai,31.99,55,1006,4.12,smoke
2025-10-14 17:07:26,Mumbai,31.99,55,1006,4.12,smoke
2025-10-14 17:17:26,Mumbai,31.99,55,1006,4.12,smoke
2025-10-15 11:44:08,Mumbai,32.99,43,1008,4.12,smoke
2025-10-15 11:54:09,Mumbai,32.99,43,1008,4.12,smoke
2025-10-15 12:04:10,Mumbai,32.99,43,1008,3.6,smoke
2025-10-15 12:14:10,Mumbai,32.99,46,1008,4.63,smoke
2025-10-15 12:24:11,Mumbai,32.99,46,1008,4.63,smoke
2025-10-15 12:40:42,Mumbai,32.99,46,1008,4.63,smoke
2025-10-15 12:50:42,Mumbai,33.99,46,1008,3.09,smoke
2025-10-16 18:10:42,Mumbai,31.99,62,1006,5.14,haze
2025-10-17 11:50:42,Mumbai,32.99,55,1010,3.09,smoke
2025-10-17 12:00:43,Mumbai,33.99,52,1010,3.09,smoke
2025-10-17 12:10:44,Mumbai,33.99,52,1009,3.09,smoke
2025-10-17 12:20:43,Mumbai,34.99,49,1009,4.63,smoke
2025-10-17 12:30:44,Mumbai,34.99,49,1009,4.63,smoke
2025-10-17 12:40:45,Mumbai,34.99,49,1009,4.63,smoke
2025-10-17 12:50:45,Mumbai,33.99,49,1009,4.63,smoke
2025-10-17 13:00:46,Mumbai,33.99,49,1009,4.63,smoke
2025-10-18 11:02:19,Mumbai,32.99,52,1011,2.57,smoke
2025-10-18 11:12:19,Mumbai,32.99,52,1010,2.57,smoke
2025-10-18 11:22:20,Mumbai,33.99,46,1010,2.57,smoke
2025-10-18 11:32:20,Mumbai,33.99,46,1010,2.57,smoke
2025-10-18 11:42:20,Mumbai,33.99,52,1010,2.57,smoke
2025-10-18 11:52:21,Mumbai,33.99,52,1010,2.57,smoke
2025-10-18 12:02:21,Mumbai,33.99,52,1010,2.57,smoke
2025-10-18 12:12:22,Mumbai,34.99,49,1009,2.06,smoke
2025-10-18 12:22:22,Mumbai,34.99,49,1009,2.06,smoke
2025-10-18 12:32:23,Mumbai,34.99,49,1009,2.06,smoke
2025-10-18 12:42:23,Mumbai,34.99,49,1009,2.06,smoke
2025-10-18 12:52:23,Mumbai,34.99,49,1009,2.06,smoke
2025-10-18 13:02:24,Mumbai,34.99,43,1009,2.57,smoke
2025-10-18 13:12:24,Mumbai,34.99,43,1008,2.57,smoke
2025-10-18 13:22:24,Mumbai,34.99,49,1008,3.6,smoke
2025-10-18 13:32:29,Mumbai,34.99,49,1008,3.6,smoke
2025-10-18 13:42:30,Mumbai,34.99,49,1008,3.6,smoke
2025-10-18 13:52:30,Mumbai,34.99,49,1008,3.6,smoke
2025-10-18 14:02:43,Mumbai,33.99,52,1008,4.63,smoke
2025-10-18 14:12:44,Mumbai,34.99,49,1007,5.14,smoke
2025-10-18 14:22:44,Mumbai,34.99,49,1007,5.14,smoke
2025-10-18 14:32:45,Mumbai,34.99,49,1007,5.14,smoke
2025-10-18 14:42:46,Mumbai,33.99,49,1007,5.14,smoke
2025-10-18 14:52:46,Mumbai,33.99,49,1007,5.14,smoke
2025-10-18 15:02:47,Mumbai,33.99,49,1007,5.14,smoke
2025-10-18 15:12:47,Mumbai,33.99,49,1007,4.63,smoke
2025-10-18 16:50:50,Mumbai,32.99,52,1006,5.14,smoke
2025-10-18 17:10:37,Mumbai,32.99,52,1007,5.14,smoke
2025-10-18 17:30:37,Mumbai,32.99,52,1007,4.12,smoke
2025-10-18 21:28:44,Mumbai,30.99,55,1009,2.06,smoke
2025-10-18 21:38:47,Mumbai,30.99,55,1009,2.06,smoke
2025-10-18 22:00:37,Mumbai,30.99,58,1009,3.09,smoke
2025-10-18 22:20:37,Mumbai,29.99,58,1009,2.57,smoke
2025-10-18 22:30:37,Mumbai,29.99,58,1009,2.57,smoke
2025-10-18 22:40:38,Mumbai,29.99,62,1009,3.6,smoke
2025-10-18 22:50:38,Mumbai,29.99,62,1009,3.6,smoke
2025-10-18 23:00:38,Mumbai,29.99,62,1009,3.6,smoke
2025-10-18 23:10:39,Mumbai,29.99,62,1009,3.6,smoke
2025-10-18 23:20:39,Mumbai,29.99,66,1008,2.57,smoke
2025-10-18 23:30:40,Mumbai,29.99,66,1008,2.57,smoke
2025-10-18 23:40:40,Mumbai,29.99,66,1008,2.57,smoke
2025-10-18 23:50:40,Mumbai,29.99,66,1008,2.57,smoke
2025-10-19 21:35:06,Mumbai,30.99,66,1008,2.06,haze
2025-10-19 21:45:07,Mumbai,30.99,66,1008,1.54,haze
2025-10-19 21:55:08,Mumbai,30.99,66,1008,1.54,haze
2025-10-19 22:05:09,Mumbai,30.99,66,1008,1.54,haze
2025-10-19 22:15:09,Mumbai,29.99,70,1008,1.54,haze
2025-10-19 22:25:09,Mumbai,29.99,70,1008,1.54,haze
2025-10-19 22:35:10,Mumbai,29.99,70,1008,1.54,haze
2025-10-19 22:45:10,Mumbai,29.99,70,1008,1.54,haze
2025-10-19 22:55:10,Mumbai,29.99,70,1008,2.06,haze
2025-10-19 23:05:10,Mumbai,29.99,70,1008,2.06,haze
2025-10-19 23:15:10,Mumbai,29.99,70,1008,2.06,haze
2025-10-19 23:25:11,Mumbai,29.99,70,1008,1.54,haze
2025-10-19 23:35:11,Mumbai,29.99,70,1008,1.54,haze
2025-10-19 23:45:11,Mumbai,29.99,70,1008,1.54,haze
2025-10-19 23:55:11,Mumbai,29.99,70,1008,0.0,haze
2025-10-20 00:05:11,Mumbai,29.99,70,1007,0.0,haze
2025-10-20 00:15:12,Mumbai,29.99,70,1007,0.0,haze
2025-10-20 00:25:12,Mumbai,29.99,66,1007,1.54,haze
2025-10-20 00:35:12,Mumbai,29.99,66,1007,1.54,haze
2025-10-20 00:45:12,Mumbai,29.99,66,1007,1.54,haze
2025-10-20 00:55:12,Mumbai,29.99,66,1007,1.54,haze
2025-10-20 01:05:13,Mumbai,29.99,70,1007,1.54,haze
2025-10-20 01:15:13,Mumbai,29.99,70,1007,1.54,haze
2025-10-20 01:25:13,Mumbai,29.99,70,1007,1.54,haze
2025-10-20 01:35:13,Mumbai,29.99,70,1007,2.06,haze
2025-10-20 01:45:13,Mumbai,29.99,70,1007,2.06,haze
2025-10-20 01:55:14,Mumbai,29.99,66,1007,2.57,haze
2025-10-20 02:05:14,Mumbai,29.99,66,1007,2.57,haze
2025-10-20 02:15:14,Mumbai,28.99,70,1006,0.0,haze
2025-10-20 02:25:15,Mumbai,28.99,70,1006,0.0,haze
2025-10-20 02:35:15,Mumbai,28.99,70,1006,0.0,haze
2025-10-20 02:45:15,Mumbai,28.99,70,1006,0.0,haze
2025-10-20 02:55:15,Mumbai,28.99,74,1006,2.06,haze
2025-10-20 03:05:15,Mumbai,28.99,74,1006,2.06,haze
2025-10-20 03:15:16,Mumbai,28.99,74,1006,2.06,haze
2025-10-20 03:25:16,Mumbai,28.99,74,1006,0.0,haze
2025-10-20 03:35:16,Mumbai,28.99,74,1006,0.0,haze
2025-10-20 03:45:16,Mumbai,28.99,74,1006,0.0,haze
2025-10-20 03:55:16,Mumbai,27.99,78,1006,1.54,haze
2025-10-20 04:05:17,Mumbai,27.99,78,1006,2.06,haze
2025-10-20 04:15:17,Mumbai,27.99,78,1006,1.54,haze
2025-10-20 04:25:17,Mumbai,27.99,78,1006,2.06,haze
2025-10-20 04:35:17,Mumbai,27.99,78,1006,2.06,haze
2025-10-20 04:45:18,Mumbai,27.99,78,1006,2.06,haze
2025-10-20 04:55:18,Mumbai,27.99,83,1006,2.06,haze
2025-10-20 05:05:18,Mumbai,27.99,83,1006,2.06,haze
2025-10-20 05:15:18,Mumbai,27.99,83,1006,2.06,haze
2025-10-20 05:25:18,Mumbai,27.99,78,1006,2.57,mist
2025-10-20 05:35:19,Mumbai,27.99,78,1006,2.57,mist
2025-10-20 05:45:19,Mumbai,27.99,78,1006,2.57,mist
2025-10-20 05:55:19,Mumbai,27.99,78,1006,2.06,mist
2025-10-20 06:05:19,Mumbai,27.99,78,1007,2.06,mist
2025-10-20 06:15:20,Mumbai,27.99,78,1007,2.06,mist
2025-10-20 06:25:20,Mumbai,27.99,78,1007,2.57,mist
2025-10-20 06:35:20,Mumbai,27.99,78,1007,2.57,mist
2025-10-20 06:45:20,Mumbai,27.99,78,1007,2.57,mist
2025-10-20 06:55:19,Mumbai,27.99,78,1007,1.54,mist
2025-10-20 07:05:19,Mumbai,27.99,78,1008,1.54,mist
2025-10-20 07:15:19,Mumbai,27.99,78,1008,1.54,mist
2025-10-20 07:25:19,Mumbai,27.99,78,1008,1.54,mist
2025-10-20 07:35:20,Mumbai,27.99,74,1008,3.09,mist
2025-10-20 07:45:20,Mumbai,27.99,74,1008,3.09,mist
2025-10-20 07:55:20,Mumbai,27.99,74,1008,3.09,mist
2025-10-20 08:05:20,Mumbai,28.99,70,1008,3.09,mist
2025-10-20 08:15:21,Mumbai,28.99,70,1009,3.09,mist
2025-10-20 08:25:21,Mumbai,28.99,70,1009,4.12,haze
2025-10-20 08:35:21,Mumbai,28.99,70,1009,4.12,haze
2025-10-20 08:45:21,Mumbai,28.99,70,1009,3.6,haze
2025-10-20 08:55:21,Mumbai,28.99,70,1009,3.6,haze
2025-10-20 09:05:22,Mumbai,28.99,70,1009,3.6,haze
2025-10-20 09:15:22,Mumbai,30.99,62,1009,3.09,haze
2025-10-20 09:25:22,Mumbai,30.99,62,1009,3.09,haze
2025-10-20 09:35:22,Mumbai,30.99,62,1009,3.09,haze
2025-10-20 09:45:23,Mumbai,30.99,62,1009,3.09,haze
2025-10-20 09:55:23,Mumbai,30.99,62,1009,3.09,haze
2025-10-20 10:05:23,Mumbai,30.99,55,1009,4.12,haze
2025-10-20 10:15:23,Mumbai,31.99,55,1009,4.63,smoke
2025-10-20 10:25:24,Mumbai,31.99,55,1009,4.63,smoke
2025-10-20 10:35:24,Mumbai,31.99,55,1009,4.63,smoke
2025-10-20 10:45:24,Mumbai,31.99,51,1009,5.14,smoke
2025-10-20 10:55:24,Mumbai,31.99,51,1009,5.14,smoke
2025-10-20 21:20:41,Mumbai,30.99,66,1008,4.12,haze
2025-10-20 21:30:42,Mumbai,30.99,66,1008,4.12,haze
2025-10-20 21:40:42,Mumbai,30.99,66,1008,4.12,haze
2025-10-20 21:50:42,Mumbai,30.99,66,1008,4.12,haze
2025-10-20 22:00:43,Mumbai,29.99,70,1008,2.57,haze
2025-10-20 22:10:43,Mumbai,29.99,70,1008,2.57,haze
2025-10-20 22:20:43,Mumbai,30.99,66,1008,1.54,haze
2025-10-20 22:30:45,Mumbai,30.99,66,1008,1.54,haze
2025-10-20 22:40:45,Mumbai,30.99,66,1008,1.54,haze
2025-10-20 22:50:46,Mumbai,30.99,66,1008,1.54,haze
2025-10-20 23:00:46,Mumbai,29.99,70,1008,0.0,haze
2025-10-20 23:10:46,Mumbai,29.99,70,1008,0.0,haze
2025-10-20 23:20:46,Mumbai,29.99,70,1008,0.0,haze
2025-10-20 23:30:46,Mumbai,29.99,70,1008,0.0,haze
2025-10-20 23:40:47,Mumbai,29.99,70,1008,0.0,haze
2025-10-20 23:50:47,Mumbai,29.99,70,1008,0.0,haze
2025-10-21 00:00:47,Mumbai,29.99,70,1008,0.0,haze
2025-10-21 00:10:47,Mumbai,29.99,70,1008,0.0,haze
2025-10-21 00:20:48,Mumbai,29.99,66,1008,0.0,haze
2025-10-21 00:30:48,Mumbai,29.99,66,1008,0.0,haze
2025-10-21 00:40:48,Mumbai,29.99,66,1008,0.0,haze
2025-10-21 00:50:48,Mumbai,29.99,66,1008,0.0,haze
2025-10-21 01:00:48,Mumbai,29.99,70,1008,0.0,haze
2025-10-21 01:10:49,Mumbai,29.99,70,1007,0.0,haze
2025-10-21 01:20:49,Mumbai,29.99,66,1007,2.06,haze
2025-10-21 01:30:49,Mumbai,29.99,66,1007,2.06,haze
2025-10-21 01:40:51,Mumbai,29.99,66,1007,2.06,haze
2025-10-21 01:50:51,Mumbai,29.99,62,1007,0.0,haze
2025-10-21 02:00:52,Mumbai,29.99,62,1007,0.0,haze
2025-10-21 02:10:53,Mumbai,29.99,62,1007,0.0,haze
2025-10-21 02:20:53,Mumbai,29.99,62,1007,1.54,haze
2025-10-21 02:30:53,Mumbai,29.99,62,1007,1.54,haze
2025-10-21 02:40:54,Mumbai,29.99,62,1007,1.54,haze
2025-10-21 02:50:54,Mumbai,29.99,62,1007,2.57,haze
2025-10-22 22:00:37,Mumbai,29.99,66,1008,3.09,haze
2025-10-22 22:10:37,Mumbai,29.99,66,1008,3.09,haze
2025-10-22 22:20:37,Mumbai,29.99,70,1008,3.09,haze
2025-10-22 22:30:37,Mumbai,29.99,70,1008,3.09,haze
2025-10-22 22:40:38,Mumbai,29.99,70,1008,3.09,haze
2025-10-22 22:50:38,Mumbai,29.99,70,1008,3.09,haze
2025-10-22 23:00:39,Mumbai,29.99,70,1008,2.06,haze
2025-10-23 02:46:48,Mumbai,28.99,74,1006,2.57,haze
2025-10-23 02:56:49,Mumbai,28.99,74,1006,2.57,haze
2025-10-23 03:06:50,Mumbai,28.99,74,1006,2.57,haze
2025-10-25 15:26:05,Mumbai,31.99,62,1005,4.63,haze
2025-10-25 15:36:06,Mumbai,31.99,62,1005,4.63,haze
2025-10-25 15:46:06,Mumbai,31.99,62,1005,4.63,haze
2025-10-25 15:56:06,Mumbai,31.99,62,1005,4.12,haze
2025-10-25 16:06:07,Mumbai,31.99,62,1005,4.12,haze
2025-10-25 16:16:07,Mumbai,31.99,62,1006,4.12,haze
2025-10-25 16:26:08,Mumbai,31.99,62,1006,4.63,haze
2025-10-26 11:00:37,Mumbai,29.99,66,1009,4.12,haze
2025-10-26 11:10:37,Mumbai,29.99,66,1009,4.12,haze
2025-10-26 11:20:37,Mumbai,29.99,66,1008,4.12,haze
2025-10-26 11:30:38,Mumbai,29.99,66,1008,3.09,haze
2025-10-26 11:40:38,Mumbai,29.99,66,1008,3.09,haze
2025-10-26 11:50:38,Mumbai,29.99,66,1008,3.09,haze
2025-10-26 18:10:55,Mumbai,25.99,94,1006,2.06,heavy intensity rain
2025-10-26 18:20:56,Mumbai,25.99,94,1006,3.6,heavy intensity rain
2025-10-26 18:30:56,Mumbai,25.99,94,1006,3.6,heavy intensity rain
2025-10-26 18:40:56,Mumbai,25.99,94,1006,3.6,heavy intensity rain
2025-10-26 19:30:37,Mumbai,25.99,89,1007,4.12,light rain
2025-10-26 19:40:37,Mumbai,25.99,89,1007,4.12,light rain
2025-10-26 19:50:35,Mumbai,25.99,89,1007,2.57,light rain
2025-10-26 20:00:35,Mumbai,25.99,89,1007,2.57,light rain
2025-10-26 20:10:35,Mumbai,25.99,89,1007,2.57,light rain
2025-10-26 20:20:36,Mumbai,25.99,89,1007,2.57,moderate rain
2025-10-26 20:30:36,Mumbai,25.99,94,1007,2.06,mist
2025-10-26 20:40:36,Mumbai,25.99,94,1007,2.06,mist
2025-10-26 20:50:37,Mumbai,25.99,94,1007,2.06,mist
2025-10-26 21:00:37,Mumbai,25.99,94,1007,2.57,moderate rain
2025-10-26 21:10:37,Mumbai,25.99,94,1007,2.57,moderate rain
2025-10-26 21:20:38,Mumbai,25.99,94,1007,2.57,moderate rain
2025-10-26 21:30:38,Mumbai,25.99,94,1007,2.57,moderate rain
2025-10-27 19:01:46,Mumbai,25.99,89,1006,7.2,broken clouds
2025-10-27 19:11:46,Mumbai,25.99,89,1007,7.2,broken clouds
2025-10-27 19:21:47,Mumbai,24.99,94,1007,5.66,drizzle
2025-10-27 19:31:47,Mumbai,24.99,94,1007,5.66,drizzle
2025-10-27 19:41:47,Mumbai,24.99,94,1007,5.66,drizzle
2025-10-27 19:51:48,Mumbai,24.99,94,1007,5.66,drizzle
2025-10-27 20:01:48,Mumbai,25.99,89,1007,6.17,drizzle
2025-10-28 15:55:20,Mumbai,30.99,62,1004,3.6,haze
2025-10-28 16:00:40,Mumbai,30.99,62,1004,3.6,haze
2025-10-28 16:10:40,Mumbai,30.99,62,1004,3.6,haze
2025-10-28 16:20:40,Mumbai,29.99,70,1004,4.12,haze
2025-10-28 16:30:41,Mumbai,29.99,70,1004,4.12,haze
2025-10-28 16:40:41,Mumbai,29.99,70,1004,4.12,haze
2025-10-28 16:50:40,Mumbai,29.99,70,1004,4.12,haze
2025-10-28 17:00:37,Mumbai,29.99,74,1004,3.6,haze
2025-10-28 17:10:38,Mumbai,29.99,74,1004,3.6,haze
2025-10-31 18:49:41,Mumbai,26.99,89,1008,2.57,mist
2025-10-31 18:50:38,Mumbai,26.99,89,1008,2.57,mist
2025-10-31 19:00:38,Mumbai,26.99,89,1008,2.57,mist
2025-10-31 19:10:39,Mumbai,26.99,89,1008,2.57,mist
2025-10-31 19:20:39,Mumbai,26.99,89,1009,2.06,mist
2025-10-31 19:30:40,Mumbai,26.99,89,1009,2.06,mist
2025-10-31 19:40:40,Mumbai,26.99,89,1009,2.06,mist
2025-10-31 19:50:40,Mumbai,26.99,89,1009,3.09,mist
2025-10-31 20:00:41,Mumbai,26.99,89,1009,3.09,mist
2025-11-03 16:57:14,Mumbai,29.99,70,1011,6.17,haze
2025-11-03 17:07:15,Mumbai,29.99,70,1011,6.17,haze
2025-11-03 17:17:16,Mumbai,28.99,79,1011,4.63,haze
2025-11-03 17:27:16,Mumbai,28.99,79,1011,4.63,haze
2025-11-03 18:30:43,Mumbai,27.99,83,1012,4.12,haze
2025-11-03 18:40:43,Mumbai,27.99,78,1012,3.6,haze
2025-11-03 18:50:44,Mumbai,27.99,78,1012,3.6,haze
2025-11-03 19:00:44,Mumbai,27.99,78,1012,3.6,haze
2025-11-03 19:10:44,Mumbai,27.99,78,1012,3.6,haze
2025-11-03 19:20:44,Mumbai,27.99,83,1012,3.09,haze
2025-11-03 19:30:45,Mumbai,27.99,83,1012,3.09,haze
2025-11-03 19:40:45,Mumbai,27.99,83,1012,3.09,haze
2025-11-03 19:50:45,Mumbai,27.99,83,1012,3.09,haze
2025-11-03 20:00:45,Mumbai,27.99,83,1012,2.57,haze
2025-11-04 17:40:36,Mumbai,28.99,70,1011,5.14,haze
2025-11-04 17:50:36,Mumbai,28.99,70,1011,5.14,haze
2025-11-04 18:00:37,Mumbai,28.99,70,1011,5.14,haze
2025-11-04 18:10:41,Mumbai,28.99,70,1011,5.14,haze
2025-11-04 18:20:36,Mumbai,28.99,70,1011,5.14,haze
2025-11-04 18:30:36,Mumbai,27.99,78,1011,4.63,haze
2025-11-04 18:40:37,Mumbai,27.99,78,1011,4.63,haze
2025-11-04 18:50:37,Mumbai,27.99,78,1011,4.63,haze
2025-11-04 19:00:37,Mumbai,27.99,78,1011,4.12,haze
2025-11-06 00:10:42,Mumbai,26.99,69,1012,2.06,haze
2025-11-06 00:20:43,Mumbai,26.99,69,1012,2.06,haze
2025-11-06 00:30:43,Mumbai,25.99,73,1012,2.57,haze
2025-11-06 00:40:43,Mumbai,25.99,73,1012,2.57,haze
2025-11-06 00:50:44,Mumbai,25.99,73,1012,2.57,haze
2025-11-06 01:00:44,Mumbai,26.99,69,1012,2.06,haze
2025-11-06 01:10:44,Mumbai,26.99,69,1011,2.06,haze
2025-11-06 01:20:45,Mumbai,26.99,69,1011,2.06,haze
2025-11-06 19:53:18,Mumbai,27.99,74,1012,3.6,haze
2025-11-06 20:03:19,Mumbai,27.99,74,1012,3.6,haze
2025-11-06 20:13:19,Mumbai,27.99,74,1013,3.6,haze
2025-11-06 20:23:19,Mumbai,27.99,69,1013,3.6,haze
2025-11-06 20:33:19,Mumbai,27.99,69,1013,3.6,haze
2025-11-06 20:43:19,Mumbai,27.99,69,1013,2.57,haze
2025-11-09 11:35:35,Mumbai,29.99,45,1014,2.06,smoke
2025-11-09 11:50:37,Mumbai,30.99,35,1014,3.09,smoke
2025-11-10 18:09:36,Mumbai,28.99,51,1012,3.6,smoke
2025-11-10 18:19:36,Mumbai,27.99,54,1012,3.6,smoke
2025-11-10 18:29:37,Mumbai,27.99,54,1012,3.6,smoke
2025-11-10 18:39:37,Mumbai,27.99,54,1012,3.6,smoke
2025-11-10 18:49:37,Mumbai,27.99,54,1012,3.6,smoke
2025-11-11 10:59:54,Mumbai,27.99,54,1015,3.6,smoke
2025-11-11 11:09:54,Mumbai,27.99,51,1014,3.09,smoke
2025-11-11 11:19:55,Mumbai,27.99,51,1014,3.09,smoke
2025-11-11 11:29:55,Mumbai,27.99,51,1014,3.09,smoke
2025-11-11 12:19:12,Mumbai,29.99,39,1014,3.6,smoke
2025-11-11 12:29:12,Mumbai,29.99,39,1014,3.6,smoke
2025-11-11 12:40:36,Mumbai,29.99,39,1014,3.6,smoke
2025-11-11 12:50:36,Mumbai,30.99,37,1014,3.09,smoke
2025-11-17 11:50:44,Mumbai,28.99,32,1016,4.63,smoke
2025-11-17 12:00:44,Mumbai,28.99,32,1016,4.63,smoke
2025-11-17 12:10:45,Mumbai,29.99,30,1015,4.12,smoke
2025-11-17 21:34:25,Mumbai,25.99,50,1015,3.09,smoke
2025-11-17 21:44:25,Mumbai,25.99,50,1015,2.57,smoke
2025-11-19 18:25:02,Mumbai,29.99,32,1012,3.6,smoke
2025-11-19 18:35:02,Mumbai,29.99,32,1012,3.6,smoke
2025-11-19 18:45:02,Mumbai,29.99,32,1012,3.6,smoke
2025-11-19 18:55:03,Mumbai,29.99,35,1012,3.6,smoke
2025-11-19 19:05:03,Mumbai,29.99,35,1012,3.6,smoke
2025-11-19 19:15:04,Mumbai,29.99,35,1013,3.6,smoke
2025-11-19 19:25:04,Mumbai,28.99,37,1013,3.09,smoke
2025-11-19 19:35:04,Mumbai,28.99,37,1013,3.09,smoke
2025-11-19 19:45:05,Mumbai,28.99,37,1013,3.6,smoke
2025-11-19 19:55:05,Mumbai,28.99,37,1013,3.6,smoke
2025-11-19 20:05:05,Mumbai,28.99,37,1013,3.6,smoke
2025-11-19 20:15:05,Mumbai,28.99,37,1014,3.6,smoke
2025-11-20 18:53:01,Mumbai,29.99,35,1012,2.57,smoke
2025-11-20 19:03:01,Mumbai,29.99,35,1012,2.57,smoke
2025-11-20 19:13:02,Mumbai,28.99,39,1013,2.57,smoke
2025-11-20 19:23:02,Mumbai,28.99,39,1013,2.57,smoke
2025-11-20 19:33:02,Mumbai,28.99,39,1013,2.57,smoke
2025-11-20 19:43:03,Mumbai,28.99,42,1013,3.6,smoke
2025-11-20 19:53:03,Mumbai,28.99,42,1013,3.6,smoke
2025-11-20 20:03:03,Mumbai,28.99,42,1014,3.6,smoke
2025-11-20 20:13:04,Mumbai,27.99,44,1014,2.57,smoke
2025-11-20 20:23:04,Mumbai,27.99,44,1014,2.57,smoke
2025-11-20 20:33:04,Mumbai,27.99,44,1014,2.57,smoke
2025-11-22 12:25:40,Mumbai,32.99,40,1013,2.57,smoke
2025-11-22 22:20:36,Mumbai,27.99,54,1014,1.54,smoke
2025-11-22 22:40:41,Mumbai,27.99,57,1014,0.0,smoke
2025-11-22 22:50:41,Mumbai,27.99,57,1014,0.0,smoke
2025-11-22 23:00:41,Mumbai,27.99,57,1014,0.0,smoke
2025-11-22 23:10:42,Mumbai,27.99,57,1013,0.0,smoke
2025-11-22 23:20:42,Mumbai,27.99,57,1013,1.54,smoke
2025-11-22 23:30:42,Mumbai,27.99,57,1013,1.54,smoke
2025-11-22 23:40:42,Mumbai,27.99,57,1013,1.54,smoke
2025-11-22 23:50:42,Mumbai,26.99,61,1013,2.06,haze
2025-11-23 00:00:43,Mumbai,26.99,61,1013,2.06,haze
2025-11-23 00:10:36,Mumbai,26.99,61,1013,2.06,haze
2025-11-23 00:20:36,Mumbai,26.99,61,1013,2.57,haze
2025-11-23 00:30:36,Mumbai,26.99,61,1013,2.57,haze
2025-11-23 00:40:37,Mumbai,26.99,61,1013,2.57,haze
2025-11-25 14:44:41,Mumbai,31.99,55,1011,4.12,smoke
2025-11-25 14:54:41,Mumbai,31.99,55,1011,4.12,smoke
2025-11-25 15:04:43,Mumbai,31.99,55,1011,4.12,smoke
2025-11-25 15:14:43,Mumbai,31.99,58,1011,5.14,smoke
2025-11-25 15:24:43,Mumbai,31.99,58,1011,5.14,smoke
2025-11-25 15:34:43,Mumbai,31.99,58,1011,5.14,smoke
2025-11-25 15:44:43,Mumbai,31.99,58,1011,5.14,smoke
2025-11-25 15:54:43,Mumbai,31.99,55,1011,4.63,smoke
2025-11-25 16:04:44,Mumbai,31.99,55,1011,4.63,smoke
2025-11-25 16:14:44,Mumbai,30.99,62,1011,4.12,smoke
2025-11-25 16:24:44,Mumbai,30.99,62,1011,4.12,smoke
2025-11-25 16:34:44,Mumbai,30.99,62,1011,4.12,smoke
2025-11-25 16:44:44,Mumbai,30.99,58,1011,3.09,smoke
2025-11-25 16:54:45,Mumbai,30.99,58,1011,3.09,smoke
2025-11-25 17:04:45,Mumbai,30.99,58,1011,3.09,smoke
2025-12-01 19:02:53,Mumbai,27.99,51,1012,3.09,smoke
2025-12-01 19:12:54,Mumbai,27.99,51,1012,3.09,smoke
2025-12-01 19:22:54,Mumbai,26.99,50,1012,2.57,smoke
2025-12-01 19:32:54,Mumbai,26.99,50,1012,2.57,smoke
2025-12-01 19:42:54,Mumbai,26.99,50,1012,2.57,smoke
2025-12-02 14:10:36,Mumbai,30.99,29,1010,4.63,smoke
2025-12-02 14:20:36,Mumbai,30.99,29,1010,4.63,smoke
2025-12-02 14:30:37,Mumbai,30.99,29,1010,4.63,smoke
2025-12-03 15:40:44,Mumbai,31.99,31,1011,2.57,smoke
2025-12-03 16:40:40,Mumbai,31.99,31,1011,4.12,smoke
2025-12-03 16:50:40,Mumbai,31.99,31,1011,4.12,smoke
2025-12-03 17:00:40,Mumbai,31.99,31,1011,4.12,smoke
2025-12-03 17:10:36,Mumbai,31.99,31,1011,3.6,smoke
2025-12-03 17:20:36,Mumbai,31.99,31,1011,3.6,smoke
2025-12-03 17:30:36,Mumbai,31.99,31,1011,3.6,smoke
2025-12-03 17:40:36,Mumbai,31.99,31,1011,3.6,smoke
2025-12-03 17:50:36,Mumbai,30.99,33,1011,1.54,smoke
2025-12-03 18:00:36,Mumbai,30.99,33,1011,1.54,smoke
2025-12-04 15:55:50,Mumbai,31.99,35,1012,4.12,smoke
2025-12-04 16:05:50,Mumbai,31.99,35,1012,4.12,smoke
2025-12-04 16:15:50,Mumbai,31.99,35,1012,4.12,smoke
2025-12-04 16:25:50,Mumbai,31.99,33,1012,4.12,smoke
2025-12-04 16:35:51,Mumbai,31.99,33,1012,4.12,smoke
2025-12-04 16:45:51,Mumbai,31.99,35,1012,4.12,smoke
2025-12-04 16:55:51,Mumbai,31.99,35,1012,4.12,smoke
2025-12-04 17:05:51,Mumbai,31.99,35,1012,4.12,smoke
2025-12-04 17:15:52,Mumbai,31.99,35,1012,3.09,smoke
2025-12-04 17:25:52,Mumbai,31.99,35,1012,3.09,smoke
2025-12-04 17:35:53,Mumbai,31.99,35,1012,3.09,smoke
2025-12-04 17:45:53,Mumbai,30.99,40,1012,4.12,smoke
2025-12-05 16:33:40,Mumbai,32.99,38,1012,4.12,smoke
2025-12-05 16:43:41,Mumbai,32.99,38,1012,3.6,smoke
2025-12-05 16:53:41,Mumbai,32.99,38,1012,3.6,smoke
2025-12-05 17:03:41,Mumbai,32.99,38,1013,3.6,smoke
2025-12-05 17:13:41,Mumbai,32.99,38,1013,3.6,smoke
2025-12-05 17:23:42,Mumbai,32.99,38,1013,3.09,smoke
2025-12-05 17:33:42,Mumbai,32.99,38,1013,3.09,smoke
2025-12-05 17:43:42,Mumbai,32.99,38,1013,3.09,smoke
2025-12-05 17:53:42,Mumbai,31.99,37,1013,2.06,smoke
2025-12-05 18:03:42,Mumbai,31.99,37,1013,2.06,smoke
2025-12-05 18:13:43,Mumbai,31.99,37,1013,2.06,smoke
2025-12-05 18:23:43,Mumbai,30.99,42,1013,3.09,smoke
2025-12-05 18:33:43,Mumbai,30.99,42,1013,3.09,smoke
2025-12-05 18:43:43,Mumbai,30.99,42,1013,3.09,smoke
2025-12-10 15:25:22,Mumbai,32.99,19,1013,3.6,smoke
